Sample ID,Storage Week,Ripening Stage,PB1,Cat,PB2,Epi,Chlor,Idaein,Q hyper,Rutin,Q gluc,Q xyl,Q arab,Q rham,Phlo,Glut-FL,Quin-FL,Malic-FL,Asc-FL,Shik-FL,Citric-FL,Glut-SK,Quin-SK ,Malic-SK ,Asc-SK,Shik-SK ,Citric-SK,Fructose,Sorbitol,Glucose,Sucrose,ABA,DPA ,PA ,7-OH-ABA ,ABA-GE ,TSS,Firmness
CA-S1,0,Early,0.274599847,0,0.995406926,2.196087742,0.456682577,0.911032364,1.799211567,0,0.202334783,0.422286037,0.773449703,0.967780021,0.237802323,12.15281238,0.80767886,19.36653701,0.587378526,0.067503387,0,6.558702871,1.188513807,14.32157266,1.394813579,0.127191668,0,354.8287144,10.3350353,16.18642124,234.1404361,350.0985706,13.4449772,13.22348312,11.86431618,74.69377373,13,73.03737
CA-S2,0,Early,0,0.234092682,1.220198182,2.837060258,0.354558849,2.144186979,0.889441087,0,0.105970954,0.28297656,0.544835186,0.566764117,0.207852972,16.43028752,1.073836906,21.69791645,0.500721081,0.083769332,0,7.567808398,1.396626062,15.43225516,1.493169732,0.121712387,1.367189838,378.4475712,10.802934,21.99817281,265.1897095,429.6186644,8.375021395,13.51697692,0,87.48507599,12.6,65.229505
CA-S3,0,Early,0.250841757,0,1.043645166,1.692014746,0.339689488,0.634237334,0.472328968,0,0.082389427,0.219009613,0.399520837,0.446956743,0.206890816,14.45336063,1.000116604,19.39040225,0.575144128,0.081236653,0,7.945593697,1.503299717,15.18593455,1.032939282,0.153476237,1.765503157,389.4728504,10.05213118,19.30023562,202.1413203,347.7417872,5.925960274,6.5619307,8.671530597,8.092443535,12,73.782965
CA-S4,0,Early,0.244124809,0,0.986908405,2.054372542,0.355035407,0.597184003,1.989655869,0.217237176,0.315534661,0.438721393,0.805648657,0.857788042,0.230533714,11.22656068,0.661888794,14.74860344,0.546090302,0.056248521,0,8.304672495,1.095181293,12.55336751,1.946877879,0.11661395,0,382.4817947,12.12121598,31.40525492,263.2950115,474.8071728,12.90013057,17.77100427,17.54862191,82.1326713,13.7,75.61283
CA-S5,0,Early,0.283833446,0,1.100220338,2.647771812,0.472575714,0.994253515,3.49909776,0.330093872,0.500106589,0.656098773,1.169151149,1.551499828,0.226547788,13.63157654,0.9182299,18.56963534,0.641789087,0.0735334,0,7.392447441,1.348261596,14.26624405,1.818306995,0.132899553,1.654832815,407.2825048,9.979398174,31.51432085,214.198008,206.7414086,8.741263567,14.06041711,11.06756531,65.02755634,12.05,66.773615
CA-S6,0,Early,0.200106,0,0.672549401,2.080203547,0.490785253,1.333726121,1.770336369,0.22074994,0.248755978,0.366310682,0.699630753,0.84122431,0.157167869,17.15065449,1.056344495,26.69842716,0.568227317,0.081579503,0,9.234514807,1.511358801,20.4544543,1.442879981,0.141371549,1.585414875,386.8599011,15.87112429,26.02667355,246.8099576,426.8664854,11.11272576,22.6433071,11.14616069,92.38580374,13.25,72.1599
CA-S7,0,Early,0.181935326,0,0.796541288,1.629085986,0.410906367,0.479433143,0.971609664,0.103960824,0.131002425,0.267422034,0.443755354,0.66914156,0.141012357,16.176495,1.196618671,20.50754557,0.768696058,0.08148575,0,8.357719248,1.501908464,15.71668979,1.625346261,0.154219417,1.637691401,343.7307775,10.59556513,22.41711693,213.8076661,219.5365579,7.065130522,12.66865024,6.843052292,64.61340255,13.1,66.26639
CA-S8,0,Early,0.210099232,0,0.962015052,1.920433058,0.344212593,0.548046179,1.202393813,0.112669441,0.183880008,0.299845301,0.547041687,0.583101111,0.151039383,18.84510316,1.257257289,22.52730576,0.717115919,0.089972917,0,9.110243976,1.53500402,15.77249288,1.38452569,0.157799504,1.501940411,414.1262726,9.540763264,34.5784798,199.2041049,231.7431882,10.08266581,15.3626436,9.38299619,101.4544039,12.25,68.525715
CA-S9,0,Early,0.190583499,0.020570421,1.01849156,2.37369346,0.400300389,0.68880202,0.467330984,0,0.097134078,0.196004055,0.377483126,0.437008402,0.166000223,20.17541068,1.734565504,24.07760368,0.598598484,0.117673292,0.347038412,8.347391697,2.261971335,13.17251436,0.892458605,0.185944178,1.468119245,414.3622797,8.764089453,31.21364799,181.0869573,166.0037018,9.874043169,16.36654823,13.46289085,114.1242458,11.3,66.106445
CA-S10,0,Early,0.235179758,0,1.345399067,1.918295105,0.494919669,0.63255163,1.090880465,0.096796202,0.18485445,0.336808863,0.614887472,0.80219609,0.223585497,13.4956071,0.995292201,16.58089391,0.468803286,0.072888241,0,9.225323438,1.81042017,14.18591396,1.561521958,0.147719522,1.375268473,413.101235,12.29777644,23.0374697,214.3904893,130.3360723,15.23280128,17.73849749,11.05339284,98.00148588,13.3,74.793695
CA-S11,0,Early,0.280605874,0,1.106397777,1.918555865,0.380246266,0.972015868,0.525563554,0,0.112073049,0.212626432,0.418281562,0.510708187,0.203876762,12.83408108,0.982640088,14.37370708,0.472857622,0.06964548,0,10.33800698,1.95289128,16.12419181,1.236812619,0.170907788,1.41461688,475.9500583,9.358957907,28.20262469,186.584996,85.38092583,8.179167465,13.05198859,10.13115928,100.4985633,12.15,61.3636
CA-S12,0,Early,0.288775661,0,1.047352114,2.072498656,0.767149852,0.148599923,2.656396448,0.303858287,0.327188948,0.55528783,1.001331299,1.355950954,0.240400665,10.24900781,0.943734258,15.11424888,0.481353332,0.073116518,0,8.173595799,1.55341197,16.42579662,1.782356605,0.162198716,0.649738098,391.7156446,14.40256397,30.42003423,209.918466,144.0097273,12.21317715,15.57122945,11.6,126.7735742,12.75,74.875355
CA-S13,0,Early,0.328352638,0,1.175145036,2.377950612,0.62152454,1.890777548,3.840041752,0.40333821,0.591045299,0.614659567,1.258408085,1.450241163,0.245754711,10.37360996,0.806995348,12.93557835,0.390287512,0.064508486,0,9.479694457,1.613347148,15.56649743,1.769363381,0.147155707,1.688189938,409.9355785,11.32637012,38.14928483,243.2467714,189.0945003,10.83141965,18.81024182,12.09,108.1618976,13.45,69.440855
CA-S14,0,Early,0,0.228845362,0.920564133,2.676977535,0.259204047,2.837760635,2.040563897,0.256749717,0.314036581,0.380406772,0.709935587,0.834755747,0.179597898,14.74351405,0,23.48828445,0.259992133,0.104927808,0.347770826,8.705735506,1.415045195,16.34519189,0.836431465,0.124807984,1.791028004,355.7552203,20.20496117,40.33624472,293.4310026,580.7659353,16.17374514,16.84210116,12.36621573,123.4368614,14.35,64.545855
CA-S15,0,Early,0.299930109,0,1.082666581,2.441527381,0.440287865,0.98524654,1.375486959,0.131490258,0.20298358,0.353124153,0.672609055,0.791201512,0.199608041,22.15619006,1.889591281,27.64051991,0.710507217,0.113628603,0.369422499,7.623614568,1.950547575,17.61352289,1.688896699,0.164572175,1.81862502,422.4924701,10.43008063,32.25071243,217.9606039,111.7063668,8.68401624,15.53287045,12.12419073,85.73213267,12.85,73.920325
CA-S16,0,Early,0.282560554,0,1.189399018,2.161016415,0.308392941,0.769405179,0.798809305,0.091891013,0.166926846,0.286127568,0.555675804,0.61181027,0.188255504,21.25242033,1.551335854,29.36401309,0.348648381,0.123510145,0.360234083,10.89581672,1.874553689,18.13490301,0.792925944,0.176218026,1.578827191,430.527775,12.39001488,44.26643372,258.2646785,320.9633776,10.84315556,17.27141461,9.867177407,132.9466045,12.8,68.21369
CA-S17,0,Early,0.251429137,0,0.891430067,1.86665125,0.679078699,0.190980367,2.02787086,0.190932593,0.272130937,0.435854585,0.755448009,1.071682237,0.178272018,19.97923449,1.69224813,35.92260842,0.914352883,0.105398073,0.40738503,7.678116854,1.359062772,21.05118945,1.859632763,0.153513827,1.656107767,394.5341443,15.45867493,20.14814915,215.7777781,152.6622556,13.35846465,16.20973579,9.66203763,78.62381641,13.2,66.75077
CA-S18,0,Early,0.310002422,0,1.186860418,1.757759095,0.356505597,0.707596674,1.224046223,0,0.133372887,0.317158967,0.565797028,0.685364081,0.234221316,0,1.795930407,25.89883448,0.59133255,0.105675201,0.350692972,9.363344813,1.785540815,16.15228911,1.030507377,0.149464438,1.551521975,423.873736,8.500812474,42.10506571,192.2244233,107.497683,10.97844172,13.02371545,7.518421139,98.50273424,12.45,62.834875
CA-S19,5,Early,0.230997298,0,0.711061479,1.574510127,0.420479634,0.3009428,0.899759158,0,0.111669911,0.252524635,0.426631038,0.546003835,0.152207235,21.09997918,1.486279699,27.5652335,0.233677647,0.155131668,1.544742898,4.738934329,0.81111216,6.204029859,0.820737468,0.061031971,0,509.4025169,21.62089373,126.7321551,216.7895812,122.8060114,6.436347562,6.759375055,20.05853401,158.4965688,13.65,60.761445
CA-S20,5,Early,0.113351882,0,1.080582264,2.356377157,0.624944197,1.194180404,1.227634885,0.107460867,0.186874775,0.315734529,0.601787755,0.608289024,0.192774915,22.46406009,1.358905986,28.1891801,0.18594659,0.148951485,1.36192612,3.916536972,0.64613706,5.364184956,0.702773638,0.050969333,0,460.7423167,22.64158683,93.03205407,245.2669517,90.49469396,5.216261527,7.34888528,15.13194653,138.2923471,14.5,64.307455
CA-S21,5,Early,0.280379401,0,1.087733146,1.594546653,0.564761743,0.20818454,0.726849384,0.079736095,0.116610792,0.256524519,0.456268475,0.595197275,0.157211594,24.13255944,1.501298482,23.77456377,0.267168689,0.175159213,0.918440886,7.884945875,1.547321168,9.09908014,1.591624427,0.085521651,0.351147371,483.5176654,19.43686257,129.7617459,184.8819614,109.7964186,9.796062349,8.909199905,22.43231655,144.9541446,14.35,68.555285
CA-S22,5,Early,0.273850134,0,0.950194545,1.92744046,0.630492476,0.366313386,1.945479401,0.117116763,0.224899126,0.441465326,0.814605455,0.910037363,0.275256037,19.39575586,1.121508869,25.96937645,0.297510318,0.161443571,1.548572518,12.08161718,1.363989791,17.04479739,1.781547989,0.165074704,1.508137673,475.6710075,20.85649068,117.7361528,250.7187766,108.4004892,9.904987755,8.318337609,18.47122795,162.430111,14.5,69.68872
CA-S23,5,Early,0.263456252,0,0.913816384,1.38295275,0.517171172,0.283376506,1.37744136,0.158876971,0.226314537,0.321839429,0.611630671,0.644750756,0.197334267,21.34034289,1.380205617,28.87024923,0.304804929,0.174136455,1.815332567,9.787928268,1.14774868,12.64573742,1.837652048,0.092379176,0.392962265,452.6343019,23.50427733,88.65847914,252.6573911,81.60913645,6.345407182,0,76.90694723,113.4201183,14.75,69.153515
CA-S24,5,Early,0.113163254,0,0.946169869,1.995028385,0.593344847,0.90832214,0.816625095,0,0.10380522,0.229622413,0.427394507,0.407711858,0.153637002,19.03687927,1.502052406,29.7298289,0.298155123,0.15318787,2.224383963,6.270234845,0.975627219,8.136436441,1.043914532,0.061281638,0,478.3562432,28.48482417,90.52915888,252.6172507,70.15529788,6.857,0,0,99.05093444,15.05,73.627405
CA-S25,5,Early,0.296717397,0,1.145585021,1.907329617,0.473094419,0.324828517,0.588865754,0,0.092406323,0.231568975,0.464093992,0.497441703,0.220855555,26.2799375,2.558369779,24.59462818,0.27242076,0.195836366,1.379896997,14.2576606,2.917759398,17.61624474,1.156052784,0.194740627,1.98577814,345.5101819,11.13501925,92.35235206,69.02620876,101.4670736,12.89700459,0,43.04846372,199.6343573,14,70.57161
CA-S26,5,Early,0.216331518,0,0.865006725,1.737940933,0.641444957,0.916764258,1.916369417,0.147312406,0.213930528,0.374524924,0.65051401,0.793152745,0.184310741,18.63256497,1.115850847,25.22140297,0.357045939,0.139270327,0.988255896,14.09243903,1.164371711,17.89609115,1.587696289,0.124400596,1.465520823,429.2422802,23.97785688,82.84744475,270.1729422,107.5806435,5.818073675,0,34.99282843,109.7103114,15.45,69.26706
CA-S27,5,Early,0.225926682,0,0.8245488,1.388542731,0.380427753,0.490496027,0.408695864,0,0.072129892,0.165468244,0.298224522,0.297409635,0.148093306,21.56314712,1.134507927,32.8908746,0.298619766,0.143296318,1.391785805,14.01962382,1.302452485,22.31831439,1.304834063,0.141431653,1.816606131,457.0705316,32.67847887,80.57807352,314.8400083,121.4086297,8.73165562,7.952065161,16.03577654,98.1212121,15.05,77.96211
CA-S28,5,Early,0.236318813,0,0.954146604,1.460841694,0.636008203,0.146518375,0.412375105,0,0.06851053,0.194997779,0.375511209,0.417726619,0.147734103,24.18787936,2.660546358,35.77629515,0.233229645,0.235245637,0.776901513,13.10420124,2.584473969,21.27249222,1.341885444,0.219593743,2.015164654,495.7808765,13.39672282,159.7296097,112.3365863,141.9451236,18.1935354,11.50983498,17.78982123,133.2758199,10.85,67.95242
CA-S29,5,Early,0.261901797,0,0.942757162,1.643816235,0.583185012,0.171079169,0.362974289,0.059311156,0.080152729,0.159347882,0.284779881,0.292827843,0.142698748,20.57414144,1.40912686,31.86334221,0.228298624,0.153451163,2.764787414,12.0064983,2.406767107,21.96121618,0.724721765,0.236333216,1.219061986,757.3916046,27.74755633,129.2144574,357.0014778,113.0756924,9.514503752,8.306380315,15.97625977,90.05637622,13.7,68.673615
CA-S30,5,Early,0.10895387,0,0.927980722,1.739096896,0.379099155,1.045838282,1.29349023,0,0.138905232,0.266022891,0.454082943,0.561460001,0.15653391,17.88758672,1.752727163,27.73117376,0.283174568,0.166001536,1.391089195,10.03363267,1.21039297,18.26018621,0.801006486,0.1228857,1.552096944,756.380852,29.68541403,157.9524798,281.6163713,86.25024949,11.54056997,7.90942249,20.91321209,100.355423,14.35,66.90573
CA-S31,11,Mid,0.280968846,0,0.942505725,2.186431441,0.485775957,0.866898532,1.29698708,0.139685018,0.238192791,0.312377601,0.581079058,0.640700714,0.198757988,20.95330549,1.05650317,21.56913173,0.16316953,0.120261107,0,11.99352517,1.177288748,14.13021714,1.13911489,0.113729797,0.486989413,466.1525013,20.57099522,112.6853377,203.147973,72.445532,7.989910928,3.256705492,9.804607726,114.8341658,14.6,72.91653
CA-S32,11,Mid,0.292706907,0,1.005584746,2.223860582,0.519449312,0.371997071,0.385697484,0,0.087385812,0.204290155,0.406875128,0.422024543,0.213968047,21.30290812,1.197240349,24.2605497,0.27963737,0.134416644,0.422953393,12.00113085,1.630681715,14.89097741,1.23178538,0.133699759,0.521961242,435.7933792,20.42059521,97.47850858,198.1988221,74.84368838,9.027998419,3.362180127,11.59305554,131.6786425,14.9,76.35313
CA-S33,11,Mid,0.326051082,0,0.83575976,1.925943933,0.530536858,0.333444207,1.611753766,0.14901609,0.233489786,0.360705885,0.691430524,0.780460867,0.166334154,20.97346658,1.413669331,20.521821,0.343579878,0.11362641,0,11.61727317,1.322746324,13.00065241,1.840856176,0.101985296,0.405906799,419.9914296,20.91775814,98.71078368,194.6281953,93.98953912,0,2.694366302,10.42904392,125.3443264,14.2,70.762975
CA-S34,11,Mid,0.23993253,0,0.769004345,1.684821998,0.394614208,0.286746117,0.761401756,0.066941395,0.138202913,0.250596946,0.444323471,0.518278051,0.15809144,20.79937775,1.30996017,24.44936005,0.145224875,0.141160371,0.414114828,11.65060932,1.585571839,16.45925462,0.614486679,0.151694597,0.57495512,453.964587,25.23126686,118.7854013,155.198522,73.92187161,7.95732813,3.456280889,8.595073617,121.5083014,14.85,71.54004
CA-S35,11,Mid,0.244071703,0,0.831008298,1.771324602,0.463802938,0.626826741,1.637753652,0.309060387,0.294787944,0.326112942,0.598512663,0.700087707,0.172266412,21.72261952,1.398138677,22.07960722,0.123554503,0.168927808,0.454654392,12.94781408,1.484331709,14.80144077,0.964438175,0.162943102,0.587709168,242.4762848,9.189183288,59.36437303,73.90208614,61.07104481,7.923376685,3.050898305,7.042867628,132.5316469,15.25,69.84788
CA-S36,11,Mid,0.250118849,0,0.993902141,1.368741428,0.321841213,0.278956155,0.354576111,0.048349611,0.084124672,0.156298705,0.294546875,0.258629511,0.158818349,0,0,0,0,0,0,13.15183818,1.306144359,17.41626103,1.415284788,0.151566891,0.534229114,434.9604912,20.95497766,91.55065697,175.0039484,41.86182953,0,2.527188532,8.066963542,107.7747017,15,79.90692
CA-S37,11,Mid,0.330346555,0,0.950264337,2.332774484,0.540773803,0.434694385,0.697112162,0.065556733,0.108248084,0.235955832,0.4599922,0.479842555,0.209995804,20.88208495,1.659495628,27.90060471,0.3023383,0.146334551,0.482511933,13.08940698,2.081690524,19.31659783,1.292909376,0.134810265,0.540099754,418.2285142,19.29809378,96.26535059,168.3750995,59.13191653,9.802728532,4.196206512,12.4551658,142.1564347,15.65,68.53219
CA-S38,11,Mid,0.384119126,0,0.989931438,2.889191317,0.62730263,1.093383363,1.627662643,0.150083596,0.217951801,0.368055713,0.714081212,0.809982513,0.217552797,19.83790289,1.376230831,28.73492302,0.297305335,0.108530564,0.453145013,11.55603648,1.478452383,18.35924127,1.543302789,0.094350796,0.554405337,416.0550287,20.31774347,86.57635081,198.522288,102.7041657,7.060469183,3.605420684,15.84031804,150.2674838,15.45,69.50776
CA-S39,11,Mid,0.272527234,0,0.961862144,2.387472842,0.482679845,0.305465821,0.531658032,0,0.07799137,0.201153807,0.41163116,0.364029767,0.213894458,22.0413369,1.554351629,31.63522211,0.218506226,0.174088618,0.479079609,12.78773097,2.736650069,23.66190229,1.122015233,0.205868389,0.799367047,472.770929,23.12674306,142.1792523,130.0357376,75.45294615,9.453902756,4.405119509,10.3691888,162.0185399,14.1,78.703425
CA-S40,11,Mid,0.230537327,0,0.787532489,2.185569955,0.57712766,0.756178828,1.066728605,0.047730284,0.116912992,0.322178107,0.621332241,0.756822892,0.203491453,21.53512385,1.132837071,31.77145842,0.226357757,0.140562583,0.422207347,12.33176123,1.617328452,22.18387383,1.13554503,0.151894886,0.58313031,446.8295076,19.97288389,103.2565091,186.0767061,80.40216423,8.854081497,3.892089449,10.56863961,144.1451053,13.8,72.056165
CA-S41,11,Mid,0.216230622,0.048024798,0.879934558,2.242540138,0.571679603,0.372707941,0.34498567,0,0.068992922,0.173995994,0.336193117,0.337830357,0.196748619,21.55969267,1.277035288,32.05683753,0.224615447,0.15055535,0.465323296,8.548863193,1.402481134,15.5978365,0.680827043,0.123466738,0.443208625,440.0392097,21.47499083,106.3586681,178.4957788,87.41103374,9.855984637,4.277504272,11.2053779,121.332634,14.3,64.124025
CA-S42,11,Mid,0.272912416,0,0.87150234,1.909788382,0.505182796,0.394083248,1.311828907,0.059925437,0.12094374,0.367725187,0.672619662,0.814293393,0.244135132,20.89804656,1.26940313,30.57997036,0.22161163,0.158317175,0.44166295,3.507821414,0.653549801,6.58883221,0.413521758,0.076628288,0,443.8426332,20.59666903,105.6025856,204.8285294,79.59400602,11.13892848,4.800214045,12.25229326,125.6984009,13.85,68.06704
CA-S43,17,Mid,0.178957874,0.15557614,0.84561339,2.081095957,0.5047452,0.732071921,0.141969572,0,0.291152222,0.360721035,0.75521153,0.850906723,0.28611394,0.760679442,1.764104015,20.27287494,0.130178376,0.162202927,0.40003657,16.9539252,2.778998151,17.8748488,1.116761302,0.196289997,1.135703425,674.2272189,9.768912354,162.2246551,69.3051025,60.551829,13.30561744,4.742798145,9.490181534,147.5893641,14.5,74.29171
CA-S44,17,Mid,0.150564125,0.081116882,0.621862475,1.684098673,0.342285327,1.126997203,1.310259105,0.116109692,0.22198024,0.26590428,0.470665199,0.577903245,0.130990333,0.569848262,1.353134011,16.41715626,0.129634044,0.129368516,0.376183293,16.05907585,1.672812663,13.71231596,1.028269667,0.142220522,0.995856203,457.4014766,8.567723297,102.2049052,116.4384024,74.49803763,6.83575349,2.922354709,12.73989907,119.4617404,14.65,72.21011
CA-S45,17,Mid,0.285291955,0,0.994238241,1.963672938,0.72418793,0.173809291,1.137859428,0,0.119593532,0.291388094,0.572372645,0.68092983,0.18448018,0,2.155751668,18.5057551,0.105232253,0.180290829,0.337954848,15.62017742,3.081399878,16.90670536,0.732887992,0.252648334,1.136837802,605.8052932,12.46919781,174.2387737,45.89801594,52.39549362,19.87857478,4.326930079,8.500669334,126.6961649,15.05,70.59125
CA-S46,17,Mid,0.273170291,0,0.935931478,1.928700967,0.70181146,0.153044423,0.805377946,0,0.101229495,0.263908583,0.532679435,0.580675186,0.224150187,0,1.974910688,20.99104698,0.131912298,0.186298881,0.43184094,14.89110293,3.061972385,17.39048633,1.028766704,0.259701092,1.106706246,585.5182395,12.74642473,173.536927,71.79630687,77.09046287,28.82572247,5.208546166,0,193.8556881,15.8,74.579305
CA-S47,17,Mid,0.157286761,0.098336871,0.890404224,1.953199043,0.37782028,0.6126817,0.23159585,0,0.053447403,0.127861301,0.211800498,0.217270101,0.12276714,0,0.810179084,10.72212652,0.109206042,0.11091497,0.411615734,5.882258793,0.897312149,6.564002981,0.428140844,0.114345619,0.370527092,714.2669188,15.979533,143.9376322,188.1289822,53.26695141,2.830932499,2.977312432,7.958944876,97.64408139,14.25,71.08205
CA-S48,17,Mid,0.242871251,0,0.901621219,1.697349453,0.420931681,0.36493035,1.118620989,0,0.132960858,0.269381601,0.491468378,0.557770463,0.120830919,0,0.979693906,11.89989564,0.159356704,0.113996019,0,5.164938872,0.800248649,5.261863597,0.497922898,0.106355522,0.445012,506.3285353,11.29381343,91.06711621,208.5436214,71.67600525,3.526777432,3.164487275,9.598192421,107.1167119,14.4,73.616275
CA-S49,17,Mid,0.161002285,0.111916831,0.906395248,2.318702818,0.438917586,1.445802211,1.146011865,0.078728784,0.165260865,0.292671773,0.639130629,0.70326881,0.218496708,0.624134714,1.165112651,17.96656109,0.134599365,0.133768844,0.37184587,15.65278589,1.858146207,16.0649347,1.328124939,0.159769758,0.971814734,525.1168876,9.758760776,93.11622563,163.7200918,53.71226072,3.168636973,3.458927717,8.179339991,117.7777701,16.15,87.37396
CA-S50,17,Mid,0.349219484,0,0.885276582,1.779763292,0.359197268,0.289109491,0.262790072,0.042674428,0.068451263,0.15787619,0.286713214,0.325182546,0.163697917,0,1.941038927,24.15355003,0.126912604,0.194814857,0.60216735,17.09278832,3.357347034,21.08094388,0.573799761,0.236679234,1.227133146,593.5368844,16.70570457,175.2025715,47.22853853,36.88908086,16.91609261,4.466148587,9.17230238,149.4852441,14.75,82.1245
CA-S51,17,Mid,0.155750386,0,0.8999198,2.003954279,0.460361411,0.84387163,0.8910977,0.075830492,0.130679814,0.244107319,0.494153086,0.597966155,0.150626241,0,0.924183661,15.60174649,0.112955168,0.128094025,0.357872361,16.74672101,1.985879969,20.51395325,0.941294229,0.205328856,0.866521569,633.4959125,15.80034452,121.1225574,195.0539641,47.59941477,4.026244414,3.953389099,10.21719102,108.6634432,15.4,85.621695
CA-S52,17,Mid,0.339629898,0,0.867554496,2.200308384,0.496507289,0.303447092,0.339424211,0.039161202,0.080806767,0.186773304,0.366970954,0.370614831,0.206890816,0.527440714,1.498833677,19.4848473,0.111402702,0.154833093,0.373906568,17.55554802,3.484991486,23.65764168,0.526020055,0.251710062,0.605839646,582.3525936,10.42334944,133.4445208,72.29045747,58.49749728,9.908075916,4.535804985,11.12551958,145.5818093,16.25,75.76065
CA-S53,17,Mid,0.174598818,0.124023684,0.845096584,2.193383778,0.496705324,0.830849346,0.631686183,0,0.089792889,0.206534123,0.432204057,0.422803854,0.155149675,0,1.626431238,27.75843948,0.183283493,0.149546786,0.521642282,13.92620043,1.979820071,17.57512317,1.027695643,0.167501475,0.819885511,492.7958806,8.887296317,76.81215051,201.7859876,44.54800262,8.240787193,4.569628132,11.02401474,154.0201823,13.55,68.14989
CA-S54,17,Mid,0.211680473,0.15385264,0.75188044,2.503025052,0.395322635,1.837985296,0.982627852,0,0.087677668,0.202786849,0.423096497,0.50299452,0.195437354,0.564522948,1.790120738,25.596961,0.140926316,0.153252366,0.569667717,18.0321103,2.290186328,16.8717277,1.106576097,0.14525791,1.009988865,540.2661917,7.403765651,94.75787754,129.1583649,36.26199346,5.13305867,3.536043254,7.490911509,51.87193416,15,86.11068
CA-S55,23,Late,0.256277713,0,0.716496452,1.602576247,0.356330889,0.160967834,0.364514205,0.048312779,0.084113008,0.183509516,0.334437629,0.361643886,0.153541635,26.48349301,1.153549925,33.41955604,0.161072488,0.160263822,0.280167971,15.07457611,1.529759542,22.17997272,0.704843602,0.166560398,0.287668136,558.375909,14.55157868,104.4565317,154.7701332,32.97147448,5.71996052,3.671190877,8.869333434,78.30111944,14.6,65.98845
CA-S56,23,Late,0,0.243188428,0.650016636,2.233633796,0.333334327,1.214107775,1.926054045,0.170377777,0.391236449,0.375495759,0.763710902,0.717529206,0.34626974,26.24651883,0.978490701,25.73196736,0.224515815,0.182925322,0.213104035,17.68527049,2.554156295,15.7793765,1.652292149,0.172149254,0.431987285,490.1836813,12.7852135,101.7162054,169.8413528,28.90706301,3.038956086,3.379816936,7.897619575,127.1258474,14.45,65.118545
CA-S57,23,Late,0.242621718,0,0.742242712,1.770071079,0.411122154,0.631751325,1.442235353,0.100140607,0.235108526,0.323186715,0.591014022,0.743843693,0.175426584,25.43864217,0.975921441,22.55494604,0.238030019,0.171893671,0.271938251,17.05215304,2.091678915,15.82930494,1.074291577,0.176036153,0.259765917,547.5561101,14.16214117,97.21155556,204.2740278,45.82054696,10.64849516,3.162922184,10.30432121,135.4360418,15.3,70.512435
CA-S58,23,Late,0.240229763,0,0.732207504,1.705730584,0.495770504,0.458440184,0.967433528,0.10800794,0.186485971,0.260901732,0.506666261,0.632054607,0.181230341,27.81904988,1.020469174,26.91680578,0.173031995,0.18566813,0.192508458,15.97660522,2.293784585,18.30413584,0.946931878,0.193313957,0.455019864,616.2307005,14.96265987,129.2265523,120.5375768,34.61300177,5.267327525,3.477662162,8.262696844,111.0229074,15.5,70.801895
CA-S59,23,Late,0.267460141,0,0.772158347,1.753789437,0.549565535,0.286847446,0.908992765,0.08374395,0.166157007,0.244545709,0.458563723,0.564591663,0.132369959,19.82353725,1.47863273,18.20957973,0.118126266,0.181809152,0.277822974,19.19662674,3.327148458,21.85813689,0.835317181,0.231777868,0.530218066,368.8091631,5.864787559,79.61286782,36.8785195,25.90712943,8.339537908,3.423597184,7.805675071,171.7724105,15.8,68.943125
CA-S60,23,Late,0.316686106,0,0.799176666,2.037998328,0.401002601,1.088199772,1.396023309,0.101181849,0.222184873,0.315423617,0.607471464,0.643286103,0.175966187,23.29140903,1.160141029,21.94721682,0.205555985,0.163771921,0.195938314,18.46631086,2.244501496,16.28479669,1.568809728,0.168143713,0.851152594,442.4225348,7.873469885,92.63758282,106.1350366,36.61666863,3.387905582,3.43730897,9.819428418,153.4626408,14.6,57.53678
CA-S61,23,Late,0.291022553,0,0.845865904,2.064464574,0.334507076,0.534331013,0.590483045,0.047908421,0.105092269,0.210624051,0.428578171,0.44575243,0.164080463,31.23711879,1.439342435,28.26362299,0.152070639,0.198087003,0.331897982,18.9343487,3.226868837,19.2288867,0.716284982,0.212837748,0.540338588,528.6271153,10.83527766,111.1016346,73.69697275,19.96697441,7.592421159,3.502191604,9.475124689,138.8404545,15.4,67.046105
CA-S62,23,Late,0.357810897,0,0.964643499,2.420444123,0.499025417,0.954080598,0.710505379,0.057985033,0.126990247,0.213819591,0.444658112,0.420432034,0.223838018,28.57569184,1.537371908,30.01073277,0.224472013,0.195287245,0.236246157,19.25304078,3.053172887,20.9642067,0.800960215,0.211986808,0.436169345,541.5018339,13.43939762,97.58912332,157.3971321,36.02249449,0,3.23964031,11.71476445,262.3554009,15.15,69.978675
CA-S63,23,Late,0.270498817,0,0.77571878,2.13857549,0.408363805,0.865987119,0.55881276,0.057273323,0.105352468,0.20156916,0.397089573,0.449903739,0.220751435,27.97901662,1.164413762,21.50326614,0.20050074,0.172854995,0.229143417,19.09632394,2.211134173,15.9140957,0.921556405,0.160423802,1.122028173,515.7459969,9.517226777,100.3394703,85.03232094,22.43415579,5.171686886,3.935480032,8.262708538,129.2449665,15.2,70.450715
CA-S64,23,Late,0.254888507,0,0.810994279,1.970028939,0.458850162,0.423646192,0.458638532,0.054616376,0.084590042,0.190297727,0.375890116,0.399279319,0.203964405,28.04834577,1.108693173,29.52950848,0.209732461,0.189690141,0.295870725,13.99749138,1.987004016,16.69599357,0.452275237,0.172060498,0.971647453,388.0564421,10.4098155,78.50139801,94.73122239,37.01752806,10.83207074,3.809964198,9.490930749,162.7185715,14.3,70.42173
CA-S65,23,Late,0,0.425324965,1.114793058,1.620563303,0.641152954,0.301385522,0.774116764,0,0.134632856,0.30778224,0.659680122,0.671180285,0.307706114,30.00880465,3.470313489,31.42869474,0.213332761,0.250971093,0.335376258,17.59353704,6.283886761,20.45393748,0.830354937,0.302748906,0.627100114,616.0570229,7.625389673,169.7906559,25.20850764,39.43901505,15.48080455,5.307946211,0,174.5248905,14.5,74.20763
CA-S66,23,Late,0,0.241410326,0.929232859,2.092054662,0.406423739,0.408195362,0.366630418,0.047334531,0.08540223,0.164638142,0.310989868,0.32034029,0.179905184,28.59906265,1.14939182,27.1894112,0.226254398,0.168084705,0.278527568,17.06947859,2.53607969,20.87706351,0.796336407,0.169732657,0.437614761,464.6171155,12.91238028,88.37753202,132.2804569,34.76323751,6.945115492,3.63562029,11.64292665,115.443609,15.05,71.10866
CA-S67,29,Late,0.00441475,0,0.010780221,0.01534753,0.004784197,0.005387781,0.007141478,0.001993968,0.002485602,0.00452934,0.005307664,0.004594628,0.002654127,28.99269439,1.175385218,20.56640112,0.15629847,0.17263106,0,16.83881735,2.271669579,15.3233477,0.968302245,0.199710854,0.974914667,548.0029099,9.849922325,121.7875535,110.868487,40.26808351,13.49590702,3.559283333,9.60597653,158.4330074,14,58.679135
CA-S68,29,Late,0.011550892,0.002435861,0.060427606,0.110955,0.03155206,0.01669105,0.05968606,0.004493064,0.0094965,0.0180728,0.03536132,0.03218997,0.009012977,31.78327252,1.494430907,22.48440201,0.231207344,0.163850644,0.386156974,16.9320455,2.861245883,13.45933374,1.782039029,0.184083204,0.978691567,602.0519545,10.11853603,141.7544563,102.7197991,38.57911345,12.00359199,3.124288843,9.215056758,132.8544755,15.25,73.31304
CA-S69,29,Late,0.013313372,0.002149531,0.050281909,0.107732,0.03030362,0.02857418,0.03128091,0.002459349,0.004492468,0.01144238,0.02176796,0.0206991,0.009751218,32.0417725,1.498955254,20.92937201,0.149078704,0.182684959,0.207529344,16.75614011,2.424063375,14.9483107,0.751663401,0.191941654,1.071059632,662.1021775,11.95293056,159.9471913,66.39090371,22.34521843,21.60276323,3.669602603,9.003857146,146.238574,14.2,75.281485
CA-S70,29,Late,0.013284641,0.004298161,0.05090464,0.1027363,0.03573154,0.02289705,0.05403711,0.005802414,0.007280587,0.01504619,0.02887613,0.02367172,0.01093352,31.98770111,1.898846848,26.27880255,0.130700926,0.18831779,0.261261204,18.09054183,2.91664724,20.64602207,0.794290733,0.206093067,1.386225567,597.5878439,10.83778698,133.6967592,36.57662322,12.10939695,6.054571162,3.131348055,0,131.0383967,15.45,77.309585
CA-S71,29,Late,0.011693161,0.003777594,0.043179325,0.1109401,0.02874564,0.0497927,0.05160327,0.003020434,0.006819089,0.01475659,0.02836051,0.02453512,0.01102719,28.49453804,1.136622384,21.10772649,0.172377103,0.150575045,0.25443236,16.5098636,1.998455739,14.25210709,0.924200323,0.152790312,0.360887503,543.2388371,13.42391505,122.8871185,123.9864615,22.76235679,9.940805817,3.002270587,7.216547816,135.2514843,14.85,75.61258
CA-S72,29,Late,0.011963655,0.001807423,0.042199898,0.07335891,0.02088752,0.009013406,0.01582847,0.002513333,0.004441854,0.008604553,0.01574623,0.01265305,0.008110691,31.79623255,1.305174617,22.5252295,0.199048185,0.188450743,0.213533648,19.08909657,2.277456954,16.59761207,0.863722197,0.224814482,1.161990123,544.2689316,10.0837388,116.2430086,52.73349011,21.71399116,13.78251589,3.844605565,14.99825982,153.0282086,16.1,74.8027
CA-S73,29,Late,0.009851746,0.001731947,0.033887727,0.07743841,0.01725861,0.02301024,0.02204841,0.002343641,0.003662351,0.009024703,0.0168188,0.01339983,0.007507968,31.50554988,1.131066561,25.65843893,0.174996779,0.160157456,0.192060248,17.13105581,1.49307301,19.76771666,0.851542786,0.193312497,0.858958779,550.7182406,11.29662536,124.6389881,84.80343245,26.6356515,8.880549268,3.128165737,0,130.8290783,13.75,71.4393
CA-S74,29,Late,0.01133866,0.003019111,0.045203145,0.1035954,0.01385327,0.03877723,0.01540598,0.001983604,0.003355495,0.008192291,0.01464823,0.01554472,0.007254276,29.64804546,1.174124608,26.76300643,0.143298474,0.170545379,0.236193098,17.63571912,1.960600203,19.15707634,0.773163867,0.18787728,0.340156533,525.3367462,12.11138091,119.0339176,83.35136414,22.24173974,12.85451079,4.023003397,11.10871523,131.5230419,13.95,74.516135
CA-S75,29,Late,0.010179991,0.001753244,0.043540042,0.0990517,0.02025726,0.01626448,0.01290541,0.002192798,0.003258979,0.007950882,0.01378127,0.01611523,0.006819771,30.30739556,1.526083577,26.87841962,0.15268181,0.172236822,0.200811926,17.62200815,1.490066567,20.94718944,0.743782683,0.193888047,0.385683333,430.9599106,10.47983049,95.67503373,72.83615312,13.01394699,14.47488768,3.425357536,8.78029895,172.1787011,14.55,80.358055
CA-S76,29,Late,0.012148167,0.004688722,0.046165104,0.1354648,0.02904207,0.07231164,0.1179455,0.01512172,0.0156573,0.02263598,0.04393334,0.05290943,0.01213086,28.88133226,1.12202844,24.62912994,0.144346872,0.171608683,0.257283514,19.84767337,1.539884186,18.24139039,0.756753452,0.174858073,0.375216198,580.443303,12.65453825,130.6930444,57.70915613,14.43997266,6.691895536,3.631303432,9.346000588,163.3652941,15,69.726805
CA-S77,29,Late,0.010668843,0.002760079,0.045834854,0.1065418,0.0134678,0.03422388,0.01670222,0.002468348,0.004002246,0.008520937,0.01524736,0.01607599,0.009556895,29.66371283,1.259636258,27.54220585,0.151782579,0.173290365,0.275184006,17.12460633,1.412415695,18.17792527,0.520049332,0.172030123,0.633948614,565.2190685,13.42279554,113.6475872,98.38083735,16.75930893,8.987527245,3.093288765,16.63864278,136.4795509,15.5,79.52999
CA-S78,29,Late,0.011371025,0.002637866,0.045828904,0.0924836,0.02402777,0.01799459,0.01399442,0.002271478,0.003565093,0.007807882,0.01326205,0.01454392,0.009169263,25.99249935,1.113227975,25.42188407,0.135472089,0.166086972,0.211986177,16.91240065,1.598667837,19.08709939,0.397112087,0.182934878,0.296197917,557.4050224,16.68794954,126.2244962,82.85336168,23.80912273,9.714502553,3.019428659,10.05799125,123.1956721,13.4,77.14048
