Sample ID,Storage Week ,Ripening Stage,PB1,Cat,PB2,Epi,Chlor,Idaein,Q hyper,Rutin,Q gluc,Q xyl,Q arab,Q rham,Phlo,Glut-FL,Quin-FL,Malic-FL,Asc-FL,Shik-FL,Citric-FL,Glut-SK,Quin-SK ,Malic-SK ,Asc-SK,Shik-SK ,Citric-SK,Fructose,Sorbitol,Glucose,Sucrose,ABA,DPA ,PA ,7-OH-ABA ,ABA-GE ,TSS,Firmness
DCA2_S1,0,Early,0.274599847,0,0.995406926,2.196087742,0.456682577,0.911032364,1.799211567,0,0.202334783,0.422286037,0.773449703,0.967780021,0.237802323,12.15281238,0.80767886,19.36653701,0.587378526,0.067503387,0,6.558702871,1.188513807,14.32157266,1.394813579,0.127191668,0,354.8287144,10.3350353,16.18642124,234.1404361,350.0985706,13.4449772,13.22348312,11.86431618,74.69377373,13,73.03737
DCA2_S2,0,Early,0,0.234092682,1.220198182,2.837060258,0.354558849,2.144186979,0.889441087,0,0.105970954,0.28297656,0.544835186,0.566764117,0.207852972,16.43028752,1.073836906,21.69791645,0.500721081,0.083769332,0,7.567808398,1.396626062,15.43225516,1.493169732,0.121712387,1.367189838,378.4475712,10.802934,21.99817281,265.1897095,429.6186644,8.375021395,13.51697692,0,87.48507599,12.6,65.229505
DCA2_S3,0,Early,0.250841757,0,1.043645166,1.692014746,0.339689488,0.634237334,0.472328968,0,0.082389427,0.219009613,0.399520837,0.446956743,0.206890816,14.45336063,1.000116604,19.39040225,0.575144128,0.081236653,0,7.945593697,1.503299717,15.18593455,1.032939282,0.153476237,1.765503157,389.4728504,10.05213118,19.30023562,202.1413203,347.7417872,5.925960274,6.5619307,8.671530597,8.092443535,12,73.782965
DCA2_S4,0,Early,0.244124809,0,0.986908405,2.054372542,0.355035407,0.597184003,1.989655869,0.217237176,0.315534661,0.438721393,0.805648657,0.857788042,0.230533714,11.22656068,0.661888794,14.74860344,0.546090302,0.056248521,0,8.304672495,1.095181293,12.55336751,1.946877879,0.11661395,0,382.4817947,12.12121598,31.40525492,263.2950115,474.8071728,12.90013057,17.77100427,17.54862191,82.1326713,13.7,75.61283
DCA2_S5,0,Early,0.283833446,0,1.100220338,2.647771812,0.472575714,0.994253515,3.49909776,0.330093872,0.500106589,0.656098773,1.169151149,1.551499828,0.226547788,13.63157654,0.9182299,18.56963534,0.641789087,0.0735334,0,7.392447441,1.348261596,14.26624405,1.818306995,0.132899553,1.654832815,407.2825048,9.979398174,31.51432085,214.198008,206.7414086,8.741263567,14.06041711,11.06756531,65.02755634,12.05,66.773615
DCA2_S6,0,Early,0.200106,0,0.672549401,2.080203547,0.490785253,1.333726121,1.770336369,0.22074994,0.248755978,0.366310682,0.699630753,0.84122431,0.157167869,17.15065449,1.056344495,26.69842716,0.568227317,0.081579503,0,9.234514807,1.511358801,20.4544543,1.442879981,0.141371549,1.585414875,386.8599011,15.87112429,26.02667355,246.8099576,426.8664854,11.11272576,22.6433071,11.14616069,92.38580374,13.25,72.1599
DCA2_S7,0,Early,0.181935326,0,0.796541288,1.629085986,0.410906367,0.479433143,0.971609664,0.103960824,0.131002425,0.267422034,0.443755354,0.66914156,0.141012357,16.176495,1.196618671,20.50754557,0.768696058,0.08148575,0,8.357719248,1.501908464,15.71668979,1.625346261,0.154219417,1.637691401,343.7307775,10.59556513,22.41711693,213.8076661,219.5365579,7.065130522,12.66865024,6.843052292,64.61340255,13.1,66.26639
DCA2_S8,0,Early,0.210099232,0,0.962015052,1.920433058,0.344212593,0.548046179,1.202393813,0.112669441,0.183880008,0.299845301,0.547041687,0.583101111,0.151039383,18.84510316,1.257257289,22.52730576,0.717115919,0.089972917,0,9.110243976,1.53500402,15.77249288,1.38452569,0.157799504,1.501940411,414.1262726,9.540763264,34.5784798,199.2041049,231.7431882,10.08266581,15.3626436,9.38299619,101.4544039,12.25,68.525715
DCA2_S9,0,Early,0.190583499,0.020570421,1.01849156,2.37369346,0.400300389,0.68880202,0.467330984,0,0.097134078,0.196004055,0.377483126,0.437008402,0.166000223,20.17541068,1.734565504,24.07760368,0.598598484,0.117673292,0.347038412,8.347391697,2.261971335,13.17251436,0.892458605,0.185944178,1.468119245,414.3622797,8.764089453,31.21364799,181.0869573,166.0037018,9.874043169,16.36654823,13.46289085,114.1242458,11.3,66.106445
DCA2_S10,0,Early,0.235179758,0,1.345399067,1.918295105,0.494919669,0.63255163,1.090880465,0.096796202,0.18485445,0.336808863,0.614887472,0.80219609,0.223585497,13.4956071,0.995292201,16.58089391,0.468803286,0.072888241,0,9.225323438,1.81042017,14.18591396,1.561521958,0.147719522,1.375268473,413.101235,12.29777644,23.0374697,214.3904893,130.3360723,15.23280128,17.73849749,11.05339284,98.00148588,13.3,74.793695
DCA2_S11,0,Early,0.280605874,0,1.106397777,1.918555865,0.380246266,0.972015868,0.525563554,0,0.112073049,0.212626432,0.418281562,0.510708187,0.203876762,12.83408108,0.982640088,14.37370708,0.472857622,0.06964548,0,10.33800698,1.95289128,16.12419181,1.236812619,0.170907788,1.41461688,475.9500583,9.358957907,28.20262469,186.584996,85.38092583,8.179167465,13.05198859,10.13115928,100.4985633,12.15,61.3636
DCA2_S12,0,Early,0.288775661,0,1.047352114,2.072498656,0.767149852,0.148599923,2.656396448,0.303858287,0.327188948,0.55528783,1.001331299,1.355950954,0.240400665,10.24900781,0.943734258,15.11424888,0.481353332,0.073116518,0,8.173595799,1.55341197,16.42579662,1.782356605,0.162198716,0.649738098,391.7156446,14.40256397,30.42003423,209.918466,144.0097273,12.21317715,15.57122945,11.6,126.7735742,12.75,74.875355
DCA2_S13,0,Early,0.328352638,0,1.175145036,2.377950612,0.62152454,1.890777548,3.840041752,0.40333821,0.591045299,0.614659567,1.258408085,1.450241163,0.245754711,10.37360996,0.806995348,12.93557835,0.390287512,0.064508486,0,9.479694457,1.613347148,15.56649743,1.769363381,0.147155707,1.688189938,409.9355785,11.32637012,38.14928483,243.2467714,189.0945003,10.83141965,18.81024182,12.09,108.1618976,13.45,69.440855
DCA2_S14,0,Early,0,0.228845362,0.920564133,2.676977535,0.259204047,2.837760635,2.040563897,0.256749717,0.314036581,0.380406772,0.709935587,0.834755747,0.179597898,14.74351405,0,23.48828445,0.259992133,0.104927808,0.347770826,8.705735506,1.415045195,16.34519189,0.836431465,0.124807984,1.791028004,355.7552203,20.20496117,40.33624472,293.4310026,580.7659353,16.17374514,16.84210116,12.36621573,123.4368614,14.35,64.545855
DCA2_S15,0,Early,0.299930109,0,1.082666581,2.441527381,0.440287865,0.98524654,1.375486959,0.131490258,0.20298358,0.353124153,0.672609055,0.791201512,0.199608041,22.15619006,1.889591281,27.64051991,0.710507217,0.113628603,0.369422499,7.623614568,1.950547575,17.61352289,1.688896699,0.164572175,1.81862502,422.4924701,10.43008063,32.25071243,217.9606039,111.7063668,8.68401624,15.53287045,12.12419073,85.73213267,12.85,73.920325
DCA2_S16,0,Early,0.282560554,0,1.189399018,2.161016415,0.308392941,0.769405179,0.798809305,0.091891013,0.166926846,0.286127568,0.555675804,0.61181027,0.188255504,21.25242033,1.551335854,29.36401309,0.348648381,0.123510145,0.360234083,10.89581672,1.874553689,18.13490301,0.792925944,0.176218026,1.578827191,430.527775,12.39001488,44.26643372,258.2646785,320.9633776,10.84315556,17.27141461,9.867177407,132.9466045,12.8,68.21369
DCA2_S17,0,Early,0.251429137,0,0.891430067,1.86665125,0.679078699,0.190980367,2.02787086,0.190932593,0.272130937,0.435854585,0.755448009,1.071682237,0.178272018,19.97923449,1.69224813,35.92260842,0.914352883,0.105398073,0.40738503,7.678116854,1.359062772,21.05118945,1.859632763,0.153513827,1.656107767,394.5341443,15.45867493,20.14814915,215.7777781,152.6622556,13.35846465,16.20973579,9.66203763,78.62381641,13.2,66.75077
DCA2_S18,0,Early,0.310002422,0,1.186860418,1.757759095,0.356505597,0.707596674,1.224046223,0,0.133372887,0.317158967,0.565797028,0.685364081,0.234221316,21.60308978,1.795930407,25.89883448,0.59133255,0.105675201,0.350692972,9.363344813,1.785540815,16.15228911,1.030507377,0.149464438,1.551521975,423.873736,8.500812474,42.10506571,192.2244233,107.497683,10.97844172,13.02371545,7.518421139,98.50273424,12.45,62.834875
DCA2_S19,5,Early,0.260559257,0,0.974863785,2.028916217,0.413249379,0.648121731,0.448148107,0,0.095679648,0.194123721,0.365604465,0.370002744,0.159098903,23.31622952,1.248667112,30.41237057,0.341022154,0.168766098,0.613367771,7.242221732,1.328410933,9.370283051,1.543404969,0.073338676,0,445.4311525,19.34314352,92.42448022,251.3793771,66.80826753,8.565,6.946703322,16.75971548,113.5382956,14.15,72.10656
DCA2_S20,5,Early,0.501375391,0,1.266465441,2.158976022,0.443339032,1.068279678,0.795461001,0,0.110065689,0.259835423,0.542312875,0.539134475,0.237807318,26.38484828,1.867040698,25.78147911,0.368430127,0.158550343,0,5.737154814,1.556623889,6.410653803,1.185575445,0.067806948,0,511.2199753,16.61302178,112.9279494,196.0790247,41.84258323,8.777590485,7.094590594,19.7040516,105.5214589,13.55,72.36677
DCA2_S21,5,Early,0.301340655,0,1.264633907,2.145767639,0.480607781,0.235792904,0.806014428,0,0.125704063,0.27714061,0.558849161,0.588881022,0.236976553,20.72421871,1.531599241,26.71372236,0.326452698,0.169489635,1.129502774,6.788627691,1.690638834,8.047468463,1.32160713,0.095313387,0.372350141,480.3807172,21.13260075,119.3563931,214.4755185,41.84258323,8.777590485,7.094590594,19.7040516,105.5214589,14.25,68.78306
DCA2_S22,5,Early,0.322389878,0,1.121919645,2.308516618,0.504495539,0.720929084,1.597368595,0.164646294,0.223691791,0.382279093,0.732305369,0.902720648,0.240798084,26.33601488,1.695896479,23.1365019,0.301240503,0.166374975,0.556389449,7.061775331,1.404342723,7.311692961,1.550772051,0.074699335,0,482.853291,19.18209024,134.7688626,183.4034199,41.84258323,8.777590485,7.094590594,19.7040516,105.5214589,13.35,66.283775
DCA2_S23,5,Early,0.286224106,0,1.02254632,2.166316407,0.621539146,0.579129667,1.196422586,0.123626934,0.160854336,0.302439447,0.543381304,0.706800379,0.156216987,13.20653796,1.020703004,21.00313351,0.179603939,0.123274968,1.34015767,7.069025517,1.096070077,9.737103477,1.270889288,0.069231411,0,457.6985501,28.00015569,89.6683559,268.6103425,60.07408798,6.044406015,8.32774445,19.86341519,129.423399,15.1,66.062515
DCA2_S24,5,Early,0.289756463,0,0.905514988,2.039722895,0.465093777,1.09921422,0.850453225,0,0.10247359,0.243266043,0.428406656,0.502792128,0.135818098,16.01010029,1.013016398,23.26011974,0.215446007,0.133359465,0,14.1701851,1.153350273,18.74264437,2.055664942,0.084223279,0.383304794,416.1177393,18.89803846,87.17178424,226.0554466,51.7000824,6.68364038,7.448179856,16.11082786,93.75694589,14.2,61.74528
DCA2_S25,5,Early,0.257859825,0,0.971129446,1.639474491,0.411188308,0.953169003,0.535381944,0,0.085451618,0.203181132,0.368866542,0.426276336,0.178179397,23.47380753,1.222578203,27.49150876,0.402388126,0.135571219,1.056287213,5.842780277,0,7.195565235,1.20146796,0.052087841,0,452.2569065,24.65853594,78.86682267,270.9865787,22.16627509,8.23243069,8.901781397,16.49768417,124.9640687,15,62.81957
DCA2_S26,5,Early,0.192246362,0.091025106,1.258186995,1.98795295,0.306519767,0.705964591,0.831631994,0,0.114542178,0.239901502,0.448652218,0.505026482,0.179924473,23.23942162,1.230306774,28.44457314,0.313375416,0.137786915,1.131789751,8.563363869,1.630274065,11.77794536,1.845287064,0.07772592,0.376530635,461.1502806,22.98885194,90.92885924,261.8658052,53.42315971,10.92062626,8.484811562,20.52182948,116.6504857,15.05,67.831075
DCA2_S27,5,Early,0.267158737,0,1.118730916,1.840477885,0.424985492,0.310722566,0.227118395,0,0.067375087,0.155972167,0.282595134,0.308297286,0.170166573,20.26396666,1.46821876,27.79700059,0.330861488,0.158066191,1.444036533,5.242936298,1.104748849,7.0243149,0.77336836,0.07505011,0,457.1850584,20.25005067,85.67192411,251.7568738,73.64404746,3.084337565,7.453305364,25.72129199,129.1151896,14.2,69.28491
DCA2_S28,5,Early,0.109456153,0,1.06492862,1.927922078,0.325127862,0.942265162,1.912302569,0.185508122,0.271918198,0.403153525,0.775426274,0.842743209,0.171865958,21.61219717,1.667856825,25.54016394,0.236787291,0.152988705,1.05988243,7.486557363,1.835569176,8.277555511,1.911573613,0.071773406,0.362980027,387.8447649,12.64697848,109.4726246,119.0458723,50.42277683,6.640622783,6.875103859,13.72404481,124.4915083,13.65,64.77884
DCA2_S29,5,Early,0.234968935,0,0.908848078,1.768594901,0.401890029,0.363918859,0.545338273,0,0.086794226,0.197466779,0.357679839,0.388226936,0.132317698,20.06470293,1.101186603,29.02767452,0.303935329,0.145570125,1.206476171,5.603247528,1.040536682,9.645793089,1.358046323,0.077801271,0,436.7451112,29.36212632,78.87147121,289.710022,43.45088952,8.775103256,6.672156947,17.08052199,111.5782998,14.95,66.47822
DCA2_S30,5,Early,0.284331014,0,0.802524293,1.668908852,0.53609854,0.43389699,1.389117748,0.142355193,0.218913227,0.319938315,0.57193562,0.683269686,0.163865252,19.26868469,1.272348871,28.01494224,0.330709591,0.161305939,0.571331545,7.429335787,1.111133124,9.726889982,1.325312889,0.076855193,0,471.4108796,25.61502618,112.7244968,239.122523,32.78657702,2.915111143,7.304157726,17.51413875,109.7493852,15.45,62.8478
DCA2_S31,11,Mid,0.207943488,0.058286696,0.962890707,5.059386791,0.767316267,2.352367426,3.333899977,0,0.306133546,0.697914607,1.415398627,1.715210906,0.42651589,22.28093328,1.038011897,21.78472893,0.287840474,0.109344793,0,10.30113453,1.221642246,12.64031412,1.298630795,0.094218308,0.544341242,429.6072664,16.65570257,103.7872975,187.9482239,61.95461982,7.40774726,2.721224285,9.455758901,125.2081518,15.3,76.58448
DCA2_S32,11,Mid,0.203571616,0,0.913434787,4.391610457,0.841323834,1.385969343,3.556448488,0,0.281105798,0.724851952,1.423270817,1.738905477,0.329413152,19.70632534,1.058211177,21.31894278,0.448547275,0.115782641,0,10.65959221,1.077935458,12.63248695,2.095403004,0.097686727,0.392309451,412.0091296,25.52616608,95.31088024,232.1512501,54.74798945,4.775238353,3.423548117,8.203197402,99.71396109,13.9,65.311365
DCA2_S33,11,Mid,0.23474972,0.018205316,1.204226675,3.77733163,0.752983558,1.105607842,1.240936037,0,0.150379593,0.38468036,0.813870694,1.001313124,0.303239543,0,0,0,0,0,0,11.6811436,1.699626422,12.8620896,1.229573059,0.142318308,0.455600047,428.6542428,13.32503827,95.14827988,142.9290373,30.04226466,7.273407003,2.598520093,13.28081519,158.3350391,14.25,68.693985
DCA2_S34,11,Mid,0.183097898,0,0.920894111,4.022359878,1.048030331,0.768689875,1.872746103,0,0.154694073,0.479168921,1.034258736,1.18708419,0.365799834,0,0,0,0,0,0,11.09179263,1.649051783,17.34215117,1.545616972,0.130501985,0.503364949,368.9683797,19.15484843,91.67455704,151.3987252,69.74096703,8.129980142,2.892964787,11.262626,112.0050343,13.6,82.3633
DCA2_S35,11,Mid,0.245065585,0,1.313130719,4.901734503,0.874913399,1.751547186,2.530943694,0,0.22070148,0.599461489,1.311040402,1.444144779,0.436353499,21.29436487,1.12077412,29.63732898,0.341293201,0.120172038,0.491987871,11.74579232,1.25473115,17.91248116,1.729225077,0.10243032,0.521839844,409.827653,19.56242882,86.22127523,202.7472979,39.49062461,7.765688106,3.006991996,9.512194549,123.6752679,14.6,70.890895
DCA2_S36,11,Mid,0.176013544,0.041503641,1.037256739,2.321754529,0.227590636,0.961052176,0.219088401,0,0.05380177,0.135008625,0.24219541,0.252675096,0.131656533,23.64497401,1.301890986,21.0405191,0.519662566,0.109102304,0,12.18025938,1.457318225,11.93694713,2.038001942,0.101159062,0.425686065,432.3113748,15.00694664,107.11591,171.6405277,28.35983577,8.649777464,2.945745461,9.83639999,137.6286525,14.1,73.75147
DCA2_S37,11,Mid,0.214805357,0.064165662,0.945794598,2.154215506,0.478625606,0.411357267,1.18757896,0,0.133359387,0.30634446,0.56362673,0.688773062,0.213151914,21.17754698,1.083030475,27.17685285,0.178231739,0.134090735,0.421806748,12.06831674,1.458948592,17.89446419,0.830491052,0.130465268,0.459720288,476.6766755,25.80698462,111.2732127,210.9541277,21.82588611,8.259032645,3.053785644,9.445347933,114.1294086,14.15,77.690535
DCA2_S38,11,Mid,0.177727245,0.104222248,0.802447099,1.979707187,0.354813346,0.949121586,0.594610742,0,0.085497474,0.203776596,0.39245059,0.429060771,0.193796736,24.29622227,1.405712035,29.17246975,0.448052546,0.13504952,0.45647106,11.92586647,1.509523681,16.23764066,1.856342046,0.12526789,0.496765233,,,,,21.58827668,6.415261439,3.160565208,9.248690056,121.4727889,15.2,74.53687
DCA2_S39,11,Mid,0.223131718,0.091502163,0.779588462,2.213150267,0.660122042,0.881935565,1.560071221,0.063475206,0.15193329,0.352957259,0.641084201,0.874287704,0.190525312,21.30527596,1.072188832,25.15568109,0.234505117,0.116221852,0.421645454,12.51121939,1.475585974,15.82110809,1.058982069,0.105442644,0.459356826,423.2316715,20.56965925,103.8316763,189.7173561,5.955176071,0.62832365,0.26403663,0.886741062,10.64559089,13.8,66.92183
DCA2_S40,11,Mid,0.18995918,0.045766599,1.00166304,2.218553207,0.334728671,0.501968682,0.472382789,0,0.1077533,0.220903641,0.411419195,0.47245579,0.216676645,22.03650939,1.682612855,22.15571567,0.325968523,0.134837485,0.455210602,14.25630958,1.610438861,15.53758539,1.56470547,0.112329001,0.492565958,412.9266672,15.96973278,109.3571535,121.9315039,40.68033207,10.33258145,3.758987381,14.80755994,160.8407766,13.85,67.66207
DCA2_S41,11,Mid,0.190401072,0.036535921,1.047943086,2.228821606,0.32317991,0.492491447,0.439723557,0.052346159,0.105345029,0.214068113,0.396422698,0.460154992,0.209071455,20.76380438,1.057075324,28.93008571,0.376060903,0.120641994,0.428489877,11.38918425,1.401468732,16.98835614,1.389993085,0.120756078,0.596086892,406.4987376,17.20913458,88.39781867,231.332026,17.17958625,7.966853742,2.555339071,8.697169954,109.3017769,16.6,82.49143
DCA2_S42,11,Mid,0.217848832,0.070536735,0.837286486,2.222808165,0.34768912,0.654613499,0.292156245,0,0.062135042,0.154829961,0.290648931,0.299053686,0.185026657,20.56238698,1.271133089,25.65421924,0.376412716,0.12668728,0.432470599,12.63944637,2.245977482,17.20727027,1.006845076,0.145390272,0.480320432,482.9995687,17.00596484,112.5035895,194.9993105,15.31119022,6.313181198,2.748350118,9.969076408,132.9634715,14.15,72.617595
DCA2_S43,17,Mid,0.178332796,0.12005982,0.868509751,2.725008657,0.466649855,1.386197378,1.604979275,0,0.23075151,0.384490417,0.868507234,0.921800075,0.274227823,21.78043723,1.560063258,28.26051605,0.319925246,0.158979159,0.394615609,12.47499316,1.717209451,14.02307927,2.044239941,0.152496166,0.473185575,469.9035858,18.46400835,86.27951824,232.8547444,44.68507286,5.134288564,3.387133498,10.61072461,119.7146452,14.1,69.831945
DCA2_S44,17,Mid,0.152961121,0.105288961,0.90684869,0.598804618,0.447701744,0.597079264,2.95587035,0,0.541944706,0.514677822,1.017227307,1.282395399,0.300958557,18.46555453,1.201412999,19.39260037,0.193144188,0.142911035,0.823842813,9.805943612,1.278875946,9.4003324,1.167681359,0.141360762,1.257003221,769.48132,17.5893031,166.2183425,292.4479708,48.0261212,5.273377337,3.755064114,9.308518147,130.7246117,15,73.09959
DCA2_S45,17,Mid,0.18988429,0.164638112,1.093636602,2.632381384,0.557204563,0.645075594,2.031847035,0,0.182623601,0.44698951,0.898158768,1.061684312,0.182994642,24.50891716,2.316102622,24.28172497,0.235338828,0.181325338,0.590677681,15.46245722,2.848929582,14.73030254,1.733729328,0.196538552,1.043222967,628.6102718,11.18025053,158.6426071,101.2427007,61.50828724,8.507478965,3.437710593,9.46204902,148.0292755,13.2,60.837165
DCA2_S46,17,Mid,0.13437264,0.10087825,0.81703826,1.718007454,0.286466051,0.205971022,0.250311402,0,0.088142939,0.152954449,0.272281344,0.299911555,0.169244376,16.87543384,1.066914167,14.56244148,0.178144893,0.135802304,0.447752221,14.9022907,2.024676219,13.41027274,0.825786533,0.199419151,1.048941899,601.0954733,10.13730145,125.4939475,125.6940734,40.46866067,8.599171655,3.358034826,10.9011546,126.8834859,13.65,62.951895
DCA2_S47,17,Mid,0.182724843,0.119176092,0.826050847,2.487104724,0.301126947,0.801702155,0.939152894,0,0.152586888,0.279126751,0.577032841,0.680481193,0.202618096,25.59139412,2.032862513,27.65812365,0.241402713,0.197366338,0.443208232,14.87180301,2.391883789,13.89664763,1.719150193,0.160780859,1.126241573,643.3905709,5.923688214,140.7274499,50.89268709,24.32154376,3.642865205,4.024284478,11.91799266,146.3643788,14.75,74.283345
DCA2_S48,17,Mid,0.167692792,0.10268883,0.865783213,2.220558685,0.346257795,1.00468264,0.886488653,0,0.104731776,0.256619591,0.530834902,0.56413484,0.16968678,26.79848248,1.636593346,24.03852852,0.249036794,0.157593765,0.607053952,14.25519101,1.860265473,14.66737206,1.205952649,0.157843617,1.056783213,630.23922,11.42012389,135.0018946,103.4862725,23.03448688,7.789282416,3.619165737,9.262871508,148.4740123,14.15,69.46028
DCA2_S49,17,Mid,0.181832233,0,0.896542674,1.866745419,0.325261608,0.243819429,0.527973757,0,0.08344601,0.196612974,0.393194794,0.440253397,0.209989187,28.53115992,2.137541038,30.03321421,0.300960312,0.202202054,0.51613768,8.160690692,1.557538049,8.262778037,0.532880229,0.149940891,0.838188288,657.1204008,6.567137847,136.1979905,76.67495154,21.94832474,8.198984566,3.399933714,11.19813136,135.0606078,14.75,69.92688
DCA2_S50,17,Mid,0.200593536,0.155549247,0.847942212,2.281942237,0.407406844,0.214777375,0.232742287,0,0.067827797,0.147091625,0.27546152,0.284684085,0.148082401,28.77638907,2.334322558,30.48702874,0.242126849,0.218923154,0.398666954,5.553350403,1.146669501,7.106623507,0.259846983,0.13364108,0,640.8333627,11.87026964,153.9878576,38.61935064,16.09743737,7.74906309,3.56247073,7.949025555,175.9402842,14.25,70.795055
DCA2_S51,17,Mid,0.180793952,0.140996875,0.930175608,2.096472021,0.421141253,0.834530107,1.870562234,0.16148222,0.352583338,0.360287197,0.627862402,0.719218248,0.333470147,26.61435806,1.528899919,20.72053207,0.298002177,0.144902464,0.529466816,8.764639088,1.041094917,6.853256822,0.728414481,0.116120491,0.303094405,703.8601893,12.76000613,143.3279356,196.7444505,40.78198632,5.88603468,3.34566565,8.753213293,121.7193055,13.85,80.08028
DCA2_S52,17,Mid,0.182627632,0.109450251,0.921518248,2.225650589,0.372355052,1.026725725,1.18749196,0,0.125029938,0.275195152,0.569506115,0.586118869,0.206791048,26.1694521,1.478376281,20.65464364,0.296647477,0.142175709,0.526286954,2.510615439,0,2.676249876,0.314949917,0.088920956,0,592.5880177,10.83900329,112.8377398,177.5396959,41.84930303,7.35460648,4.16194769,11.79663534,119.4469097,13.85,70.034805
DCA2_S53,17,Mid,0.342210122,0,0.873909408,1.765732726,0.583151604,0.137815261,0.46333955,0,0.073987515,0.193104728,0.367018439,0.425533224,0.175781185,26.532933,0.858618261,24.24725071,0.261008255,0.146192852,0.704786835,13.64176961,1.677189088,16.80548244,1.093233588,0.149358976,0.462966722,617.0855017,9.333240219,108.8689371,159.9675798,16.2602239,5.498186828,3.097830336,10.11482146,117.0747031,15.95,83.10622
DCA2_S54,17,Mid,0.143170066,0.074677351,0.864016978,1.65062303,0.477659011,0.388026584,0.383424019,0,0.09464116,0.168200828,0.318772986,0.390586049,0.150430752,24.71794841,1.249310879,24.83478365,0.406644487,0.140944842,0.597039235,14.31671792,1.415088223,16.84290144,1.430340902,0.154887848,0.942017741,570.7123181,19.59421036,96.73726502,250.2271605,12.39417758,6.180610591,2.865319715,8.703345818,120.8106941,14.4,71.27156
DCA2_S55,23,Late,0.142146753,0.077337222,0.75110493,1.545593994,0.238335254,0.95046169,0.638690775,0.051457614,0.096574031,0.197742502,0.390952172,0.453140512,0.122425283,31.27556772,1.262210654,24.36134952,0,0.176984922,0.266594395,12.86057294,2.428121354,13.66908678,0.324661008,0.17086511,0.417532476,560.1992322,8.005155161,111.957439,95.27710993,16.41304835,7.43912336,3.329224926,9.260405498,117.1493567,13.8,68.19907
DCA2_S56,23,Late,0.243127729,0,0.661234797,0.984673713,0.344053521,0.599095196,1.786101006,0.148362477,0.331200459,0.330831553,0.602838812,0.821234654,0.125311575,27.54013794,1.192911643,21.73414539,0.115226579,0.171089263,0,15.40739057,1.682288451,12.1512415,0.731743404,0.153571669,0.673233179,528.785577,16.50402958,124.7050193,188.3106564,20.30645849,3.24393144,3.403154848,0,133.476903,15.35,65.218335
DCA2_S57,23,Late,0.149002862,0.066370184,0.632894279,1.354891219,0.250456871,0.522497067,0.44694986,0.053985354,0.093353188,0.171615206,0.308162787,0.347824651,0.096783656,27.46292749,1.1631714,22.50785421,0.086999292,0.175137372,0.168569083,15.56753066,1.657619594,14.5181394,0.119004329,0.171663558,0.922095576,534.561766,10.2781089,109.3617709,142.6874854,21.92826401,4.714046045,3.198230743,8.600066737,103.7088348,13.4,63.296525
DCA2_S58,23,Late,0.13832355,0.032566927,0.485400894,1.242523993,0.193048528,0.475152051,0.532297015,0.054127938,0.106580564,0.177123927,0.304015728,0.400939067,0.101036878,24.09465608,0.772083898,26.67398177,0.086999292,0.159158547,0.339031931,15.98747411,1.612644648,16.80906395,0.246472771,0.158987267,0.40989833,620.5056651,21.32935681,131.3447211,199.6115107,16.41620878,5.392281801,2.810414957,8.46818686,103.9689612,14.25,63.099465
DCA2_S59,23,Late,0.256309358,0,0.801254186,1.871380444,0.304844453,0.675834539,1.168239084,0.127260503,0.21015449,0.280365208,0.487527792,0.593092664,0.16365269,28.96564073,1.362047836,20.10942198,0.08454583,0.153859927,0,10.90566619,1.419917723,9.269012081,0.561396874,0.131820189,0.317109447,625.2025907,10.28257645,150.1170371,70.35376345,13.86643416,4.796265823,3.207919757,0,154.063344,14.2,68.821965
DCA2_S60,23,Late,0.14404817,0.142466232,0.771281144,1.690719824,0.544977209,0.301324193,2.013360445,0.175676597,0.321902884,0.407294281,0.685125477,0.977955279,0.146208342,27.89511775,1.507210313,17.37943184,0,0.159407253,0,16.94837578,2.201814043,12.01017386,0.472150556,0.181278945,0.671340808,525.5381919,8.185530516,164.55019,56.48948411,17.68927813,4.960283946,2.868910519,0,99.31835132,14.25,62.86446
DCA2_S61,23,Late,0.271122661,0,0.665241504,1.765044415,0.327693887,0.708107138,1.669655748,0.119031763,0.267304047,0.310824495,0.561569854,0.736472305,0.134456604,31.41313735,1.544095405,22.08788678,0,0.151893878,0.176362016,18.22230513,2.209701831,13.80568504,0.20358747,0.160701255,0.799995861,616.295204,8.562501114,147.1852469,73.9008861,7.506641627,6.091567773,3.538073602,0,123.2243783,14.75,64.10006
DCA2_S62,23,Late,0.276397418,0,0.731503601,2.125061456,0.530095767,0.31884196,0.476517103,0.043632988,0.076552441,0.181929986,0.31411593,0.418449691,0.188931301,22.91729099,1.484891188,17.81433083,0,0.16812731,0.18777957,19.54806203,3.201478008,17.03499924,0.841510169,0.220603702,0.311680644,587.7215779,11.75647294,150.4801102,33.49757562,5.04867231,6.057982858,2.672453783,6.386352,130.6222881,15.2,71.74996
DCA2_S63,23,Late,0.211450062,0,0.661919048,1.510376026,0.271230901,0.404942951,0.584704688,0.06310658,0.104917317,0.194349807,0.365613123,0.426448365,0.117151564,27.54748028,0.992128219,24.97542478,0.291261223,0.173096582,0.189686826,15.10862539,2.105330634,15.49327645,1.671715714,0.17661995,0.386003232,489.9740718,10.91416148,98.7164743,141.2023744,29.41573286,10.8969302,3.606173503,9.119040467,145.6621338,14.15,68.803765
DCA2_S64,23,Late,0.152294154,0.071353935,0.583458279,1.421044166,0.346093498,0.445616555,0.222360438,0.038261825,0.062863596,0.122074148,0.19694716,0.217803507,0.119919217,28.52505538,1.338496742,26.69700626,0.269838652,0.190768859,0,17.79312762,2.575873213,18.63763529,0.868648716,0.184411381,0.303635456,651.0201312,10.34888973,131.1676646,98.92891272,30.47310836,8.578743159,3.406576197,10.99255725,102.5214356,14.15,64.69529
DCA2_S65,23,Late,0.216111372,0,0.687565904,1.483359032,0.306707702,0.586483911,0.724367029,0.074299022,0.124768544,0.208992502,0.39466878,0.403858121,0.134711453,24.63387348,1.00556186,28.61542044,0.296317474,0.179409724,0,0,0,0,0,0,0,554.3038638,14.40797446,118.9043747,233.5335042,16.96719865,5.964573977,3.08096686,8.821455705,113.5208275,14,77.168985
DCA2_S66,23,Late,0.121712985,0.085351474,0.586742946,1.451107983,0.286139554,0.497642429,0.514987681,0,0.10231699,0.189448876,0.344582962,0,0.121807505,26.94446877,0.803904251,25.132778,0.349627826,0.15516156,0.327566728,16.81692327,1.662165091,17.48491148,1.523508636,0.165648531,0.867760497,489.614988,13.13132921,92.96310991,137.7804878,10.32074664,7.023688491,3.399483969,9.519492042,59.56023227,14,67.683325
DCA2_S67,29,Late,0.014898,0,0.055653,0.116088,0.022835,0.008844,0.079721,0.006239,0.011622,0.020339,0.039442,0.055239,0.008675,29.15368155,2.820447593,22.92720169,0.177577433,0.228930715,0.318685551,14.66144144,3.530802971,14.28539311,1.618235472,0.255710789,0.559084557,518.3561606,13.16089468,194.9713167,10.84778943,7.553654399,7.127728493,3.276045282,0,90.60188756,14.3,78.356455
DCA2_S68,29,Late,0.0127635,0,0.05074,0.111088,0.02836,0.021499,0.125544,0.008958,0.018232,0.023879,0.042554,0.069991,0.005176,28.5579477,1.280839555,22.05689431,0.245502256,0.166355641,0,14.35289426,2.136203444,14.70304176,1.756737342,0.193925439,1.145593936,566.6258222,12.18024621,147.5630122,89.83086056,18.17050476,17.03832481,2.84906079,7.164838876,124.6567694,14.5,75.381515
DCA2_S69,29,Late,0.015299,0,0.040228,0.10725,0.030383,0.040889,0.06048,0.00504,0.009448,0.015424,0.028693,0.037482,0.006699,31.81060823,1.606121162,24.84605801,0.26707175,0.182296356,0.302646588,17.28240468,2.342640581,17.77484174,1.474207108,0.183791899,1.364418977,532.1846539,8.190084578,126.1922372,43.62724098,12.68961555,9.875473406,2.924388366,0,103.6936893,14.5,71.24612
DCA2_S70,29,Late,0,0.011914,0.032068,0.087654,0.019446,0.020518,0.049665,0.003971,0.008204,0.014202,0.029224,0.038171,0.00866,28.15786827,1.108499447,21.30137536,0.309157561,0.160587981,0.299046954,17.02149378,1.703322433,15.46127717,1.901209891,0.179965463,1.039192532,540.1996588,14.95337672,132.7057475,37.83113181,10.66772038,8.91418423,2.602050711,0,154.5916788,14.15,66.094185
DCA2_S71,29,Late,0.012072,0.002803,0.05893,0.1052604,0.027154,0.026921,0.028487,0.002834,0.005296,0.011459,0.021929,0.018793,0.010994,25.66297251,0.881492763,31.67460165,0.221935324,0.16107515,0.175501915,15.55828762,1.949120684,22.60556531,1.264780413,0.198891924,1.042182686,482.3456445,13.46165752,110.1955021,165.2898702,18.8472291,19.77949444,3.316420566,9.393445013,142.212334,14.35,67.447775
DCA2_S72,29,Late,0.010864,0.001179,0.046921,0.083441,0.022048,0.012445,0.010425,0.002016,0.002952,0.007122,0.013089,0.010162,0.009512,32.85598365,1.311451807,22.32272598,0.375352485,0.164890474,0,18.2452358,2.103980351,14.24539461,1.457955034,0.177694813,0.932331104,760.9876419,11.08656022,192.1953934,78.03964185,9.244410231,11.33666795,3.321700404,0,158.3637681,14.55,63.98748
DCA2_S73,29,Late,0.010771,0.003571,0.049787,0.094329,0.027098,0.017173,0.029199,0.003119,0.005565,0.011762,0.023589,0.016314,0.010633,29.20068007,1.365242325,32.37787217,0.246900683,0.184818638,0.18818724,14.99198511,2.768584549,23.41257338,1.292774978,0.221569484,1.009050521,581.4215107,14.13757715,133.8290169,98.53342418,5.312917227,6.060732798,2.590779814,0,124.9342399,14,67.2558
DCA2_S74,29,Late,0.012902,0.001848,0.04388,0.079955,0.022857,0.01719,0.026004,0.002723,0.004479,0.009808,0.01886,0.014362,0.008503,30.83347149,1.774736118,25.22267971,0.278484801,0.187242088,0.207826452,19.58088429,3.034595953,19.70883626,1.27544648,0.224877345,1.051592263,617.5640603,10.99252971,141.9800041,100.3245967,8.006771727,13.7134457,2.626981364,8.213203655,128.9239363,15.35,81.943935
DCA2_S75,29,Late,0.010404,0.004292,0.037903,0.092715,0.021622,0.045729,0.071276,0.006196,0.009353,0.016584,0.030589,0.033552,0.007955,29.1951037,1.10639994,22.61102708,0.205410435,0.159380009,0,15.94507465,1.873012854,16.01180561,1.08628596,0.156491265,0.986708003,691.7346189,13.01010709,169.1327557,127.3589022,20.99043778,40.63933101,0,9.111152433,142.3829267,15.45,73.38844
DCA2_S76,29,Late,0.008944,0.002204,0.03844,0.095066,0.018489,0.038535,0.047233,0.003737,0.006361,0.012922,0.023422,0.021454,0.009151,28.92990992,1.302380875,24.19752051,0.171312962,0.172624429,0.275338924,15.61254584,2.136272814,17.49386225,0.99532341,0.177255196,1.085105726,641.9675555,11.37939215,168.5378833,67.06725391,27.41962238,17.64920432,2.756126705,0,192.9638545,14.2,71.645695
DCA2_S77,29,Late,0.007939,0.001884,0.046901,0.094838,0.024876,0.020159,0.035098,0.002569,0.004636,0.012271,0.023318,0.019427,0.008029,29.97625007,1.388630631,24.3647376,0.283810179,0.175252347,0,17.87038119,2.252154589,17.81925074,1.350540764,0.201786436,0.989081308,658.3541198,9.406474792,153.4878596,84.11278464,5.496516942,6.986092856,2.825713072,7.0220238,109.6047684,14,62.00252
DCA2_S78,29,Late,0.010884,0.001896,0.044349,0.101097,0.01998,0.02792,0.01768,0.002368,0.003928,0.009412,0.018287,0.01546,0.008768,28.25096348,0.936158493,27.85032598,0.261652561,0.169035532,0.308115564,15.99529073,2.044869673,20.68410907,0.950120928,0.186581848,0.441724237,529.5285095,11.10096856,120.5690876,119.1654565,7.949907931,6.73959095,3.043726932,10.05255776,141.7354293,13.45,70.72789
